{"doors": [{"assetId": "Doorway_8", "id": "door|1|2", "openable": false, "openness": 0, "room0": "room|2", "room1": "room|2", "wall0": "wall|2|3.61|1.80|3.61|5.42", "wall1": "wall|exterior|3.61|1.80|3.61|5.42", "holePolygon": [{"x": 1.7869708520147753, "y": 0, "z": 0}, {"x": 2.8374792319509936, "y": 2.0993974208831787, "z": 0}], "assetPosition": {"x": 2.312264022489245, "y": 1.0496987104415894, "z": 0}}], "metadata": {"agent": {"horizon": 30, "position": {"x": 2.0, "y": 0.95, "z": 3.25}, "rotation": {"x": 0, "y": 90, "z": 0}, "standing": true}, "roomSpecId": "bathroom", "schema": "1.0.0", "warnings": {}, "agentPoses": {"arm": {"horizon": 30, "position": {"x": 2.0, "y": 0.95, "z": 3.25}, "rotation": {"x": 0, "y": 90, "z": 0}, "standing": true}, "default": {"horizon": 30, "position": {"x": 2.0, "y": 0.95, "z": 3.25}, "rotation": {"x": 0, "y": 90, "z": 0}, "standing": true}, "locobot": {"horizon": 30, "position": {"x": 2.0, "y": 0.95, "z": 3.25}, "rotation": {"x": 0, "y": 90, "z": 0}}, "stretch": {"horizon": 30, "position": {"x": 2.0, "y": 0.95, "z": 3.25}, "rotation": {"x": 0, "y": 90, "z": 0}, "standing": true}}}, "objects": [{"assetId": "Toilet_1", "children": [{"assetId": "Toilet_Paper", "id": "ToiletPaper|surface|2|0", "kinematic": false, "position": {"x": 0.2050929069519043, "y": 1.1067216396331787, "z": 5.318988800048828}, "rotation": {"x": -0.0, "y": 90.00016021728516, "z": -0.0}}], "id": "Toilet|2|0", "kinematic": true, "position": {"x": 0.5114336252212525, "y": 0.5189565420150757, "z": 5.12625795340538}, "rotation": {"x": 0, "y": 90, "z": 0}, "material": null}, {"assetId": "Sink_15", "children": [{"assetId": "Bathroom_Faucet_20", "id": "Faucet|2|1|1", "kinematic": true, "position": {"x": 0.16089781999588004, "y": 1.1663888096809387, "z": 0.3919799566268921}, "rotation": {"x": 0, "y": 90.0, "z": 0}}], "id": "Sink|2|1|0", "kinematic": true, "position": {"x": 0.3387441873550415, "y": 0.5097440481185913, "z": 0.3919799566268921}, "rotation": {"x": 0, "y": 90.0, "z": 0}, "material": null}, {"assetId": "bin_6", "children": [{"assetId": "RoboTHOR_candle_glittrig_3_v", "id": "Candle|surface|2|1", "kinematic": false, "position": {"x": 0.23705096542835236, "y": 0.3690381646156311, "z": 3.70662784576416}, "rotation": {"x": 0.00017762737115845084, "y": 89.99986267089844, "z": 0.0001398951280862093}}], "id": "GarbageCan|2|2", "kinematic": false, "position": {"x": 0.18307075798511505, "y": 0.2730902433395386, "z": 3.7474271330386215}, "rotation": {"x": 0, "y": 90, "z": 0}, "material": null}, {"assetId": "Wall_Decor_Photo_10", "id": "Painting|2|3", "kinematic": true, "position": {"x": 3.179626784962978, "y": 1.985410709302438, "z": 1.8258704854547976}, "rotation": {"x": 0, "y": 0, "z": 0}, "material": null}, {"assetId": "Wall_Decor_Painting_7", "id": "Painting|2|4", "kinematic": true, "position": {"x": 1.2164116169807984, "y": 1.7355984489543959, "z": 5.398890177406371}, "rotation": {"x": 0, "y": 180, "z": 0}, "material": null}, {"assetId": "Wall_Decor_Photo_9", "id": "Painting|2|5", "kinematic": true, "position": {"x": 0.020870485454797746, "y": 1.4380733813224227, "z": 4.069506386224417}, "rotation": {"x": 0, "y": 90, "z": 0}, "material": null}], "proceduralParameters": {"ceilingMaterial": {"name": "LivingRoomFireplacebrickTexWHITE"}, "floorColliderThickness": 1.0, "lights": [{"id": "DirectionalLight", "indirectMultiplier": 1.0, "intensity": 1, "position": {"x": 0.84, "y": 0.1855, "z": -1.09}, "rgb": {"r": 1.0, "g": 1.0, "b": 1.0}, "rotation": {"x": 66, "y": 75, "z": 0}, "shadow": {"type": "Soft", "strength": 1, "normalBias": 0, "bias": 0, "nearPlane": 0.2, "resolution": "FromQualitySettings"}, "type": "directional"}, {"id": "light_2", "intensity": 0.45, "position": {"x": 1.6249800199369886, "y": 2.8412127245030745, "z": 3.06913997119531}, "range": 15, "rgb": {"r": 1.0, "g": 0.855, "b": 0.722}, "shadow": {"type": "Soft", "strength": 1, "normalBias": 0, "bias": 0.05, "nearPlane": 0.2, "resolution": "FromQualitySettings"}, "type": "point"}], "receptacleHeight": 0.7, "reflections": [], "skyboxId": "SkyOakland"}, "rooms": [{"ceilings": [], "children": [], "floorMaterial": {"name": "Cream_wood"}, "floorPolygon": [{"x": 0.0, "y": 0, "z": 5.416}, {"x": 3.611, "y": 0, "z": 5.416}, {"x": 3.611, "y": 0, "z": 1.805}, {"x": 1.805, "y": 0, "z": 1.805}, {"x": 1.805, "y": 0, "z": 0.0}, {"x": 0.0, "y": 0, "z": 0.0}], "id": "room|2", "roomType": "Bathroom"}], "walls": [{"id": "wall|2|0.00|5.42|3.61|5.42", "material": {"name": "KitchenTiles4"}, "polygon": [{"x": 0.0, "y": 0, "z": 5.416}, {"x": 3.611, "y": 0, "z": 5.416}, {"x": 0.0, "y": 3.0412127245030747, "z": 5.416}, {"x": 3.611, "y": 3.0412127245030747, "z": 5.416}], "roomId": "room|2"}, {"id": "wall|2|3.61|1.80|3.61|5.42", "material": {"name": "KitchenTiles4"}, "polygon": [{"x": 3.611, "y": 0, "z": 5.416}, {"x": 3.611, "y": 0, "z": 1.805}, {"x": 3.611, "y": 3.0412127245030747, "z": 5.416}, {"x": 3.611, "y": 3.0412127245030747, "z": 1.805}], "roomId": "room|2"}, {"id": "wall|2|1.80|1.80|3.61|1.80", "material": {"name": "KitchenTiles4"}, "polygon": [{"x": 3.611, "y": 0, "z": 1.805}, {"x": 1.805, "y": 0, "z": 1.805}, {"x": 3.611, "y": 3.0412127245030747, "z": 1.805}, {"x": 1.805, "y": 3.0412127245030747, "z": 1.805}], "roomId": "room|2"}, {"id": "wall|2|1.80|0.00|1.80|1.80", "material": {"name": "KitchenTiles4"}, "polygon": [{"x": 1.805, "y": 0, "z": 1.805}, {"x": 1.805, "y": 0, "z": 0.0}, {"x": 1.805, "y": 3.0412127245030747, "z": 1.805}, {"x": 1.805, "y": 3.0412127245030747, "z": 0.0}], "roomId": "room|2"}, {"id": "wall|2|0.00|0.00|1.80|0.00", "material": {"name": "KitchenTiles4"}, "polygon": [{"x": 1.805, "y": 0, "z": 0.0}, {"x": 0.0, "y": 0, "z": 0.0}, {"x": 1.805, "y": 3.0412127245030747, "z": 0.0}, {"x": 0.0, "y": 3.0412127245030747, "z": 0.0}], "roomId": "room|2"}, {"id": "wall|2|0.00|0.00|0.00|5.42", "material": {"name": "KitchenTiles4"}, "polygon": [{"x": 0.0, "y": 0, "z": 0.0}, {"x": 0.0, "y": 0, "z": 5.416}, {"x": 0.0, "y": 3.0412127245030747, "z": 0.0}, {"x": 0.0, "y": 3.0412127245030747, "z": 5.416}], "roomId": "room|2"}, {"id": "wall|exterior|0.00|5.42|3.61|5.42", "material": {"name": "PVCLit"}, "polygon": [{"x": 3.611, "y": 3.0412127245030747, "z": 5.416}, {"x": 0.0, "y": 3.0412127245030747, "z": 5.416}, {"x": 3.611, "y": 0, "z": 5.416}, {"x": 0.0, "y": 0, "z": 5.416}], "roomId": "exterior"}, {"id": "wall|exterior|3.61|1.80|3.61|5.42", "material": {"name": "PVCLit"}, "polygon": [{"x": 3.611, "y": 3.0412127245030747, "z": 1.805}, {"x": 3.611, "y": 3.0412127245030747, "z": 5.416}, {"x": 3.611, "y": 0, "z": 1.805}, {"x": 3.611, "y": 0, "z": 5.416}], "roomId": "exterior"}, {"id": "wall|exterior|0.00|0.00|0.00|5.42", "material": {"name": "PVCLit"}, "polygon": [{"x": 0.0, "y": 3.0412127245030747, "z": 5.416}, {"x": 0.0, "y": 3.0412127245030747, "z": 0.0}, {"x": 0.0, "y": 0, "z": 5.416}, {"x": 0.0, "y": 0, "z": 0.0}], "roomId": "exterior"}, {"id": "wall|exterior|0.00|0.00|1.80|0.00", "material": {"name": "PVCLit"}, "polygon": [{"x": 0.0, "y": 3.0412127245030747, "z": 0.0}, {"x": 1.805, "y": 3.0412127245030747, "z": 0.0}, {"x": 0.0, "y": 0, "z": 0.0}, {"x": 1.805, "y": 0, "z": 0.0}], "roomId": "exterior"}, {"id": "wall|exterior|1.80|0.00|1.80|1.80", "material": {"name": "PVCLit"}, "polygon": [{"x": 1.805, "y": 3.0412127245030747, "z": 0.0}, {"x": 1.805, "y": 3.0412127245030747, "z": 1.805}, {"x": 1.805, "y": 0, "z": 0.0}, {"x": 1.805, "y": 0, "z": 1.805}], "roomId": "exterior"}, {"id": "wall|exterior|1.80|1.80|3.61|1.80", "material": {"name": "PVCLit"}, "polygon": [{"x": 1.805, "y": 3.0412127245030747, "z": 1.805}, {"x": 3.611, "y": 3.0412127245030747, "z": 1.805}, {"x": 1.805, "y": 0, "z": 1.805}, {"x": 3.611, "y": 0, "z": 1.805}], "roomId": "exterior"}], "windows": []}