{"doors": [{"assetId": "Doorway_Double_8", "id": "door|1|2", "openable": false, "openness": 0, "room0": "room|2", "room1": "room|2", "wall0": "wall|2|0.00|0.00|0.00|3.85", "wall1": "wall|exterior|0.00|0.00|0.00|3.85", "holePolygon": [{"x": 0.574619325955567, "y": 0, "z": 0}, {"x": 2.5397662251788944, "y": 2.099397659301758, "z": 0}], "assetPosition": {"x": 1.5553682280305596, "y": 1.049698829650879, "z": 0}}], "metadata": {"agent": {"horizon": 30, "position": {"x": 2.0, "y": 0.95, "z": 2.0}, "rotation": {"x": 0, "y": 270, "z": 0}, "standing": true}, "roomSpecId": "bathroom", "schema": "1.0.0", "warnings": {}, "agentPoses": {"arm": {"horizon": 30, "position": {"x": 2.0, "y": 0.95, "z": 2.0}, "rotation": {"x": 0, "y": 270, "z": 0}, "standing": true}, "default": {"horizon": 30, "position": {"x": 2.0, "y": 0.95, "z": 2.0}, "rotation": {"x": 0, "y": 270, "z": 0}, "standing": true}, "locobot": {"horizon": 30, "position": {"x": 2.0, "y": 0.95, "z": 2.0}, "rotation": {"x": 0, "y": 270, "z": 0}}, "stretch": {"horizon": 30, "position": {"x": 2.0, "y": 0.95, "z": 2.0}, "rotation": {"x": 0, "y": 270, "z": 0}, "standing": true}}}, "objects": [{"assetId": "Toilet_2", "children": [{"assetId": "Toilet_Paper", "id": "ToiletPaper|surface|2|1", "kinematic": false, "position": {"x": 5.62214994430542, "y": 1.013624906539917, "z": 3.4301488399505615}, "rotation": {"x": 0.0, "y": -0.00016392453107982874, "z": 0.0}}], "id": "Toilet|2|0", "kinematic": true, "position": {"x": 5.324795263767243, "y": 0.472759485244751, "z": 3.5591469743251802}, "rotation": {"x": 0, "y": 270, "z": 0}, "material": null}, {"assetId": "Sink_19", "children": [{"assetId": "Bathroom_Faucet_21", "id": "Faucet|2|1|1", "kinematic": true, "position": {"x": 5.631011320114136, "y": 1.176791325211525, "z": 0.3844959974288941}, "rotation": {"x": 0, "y": 270.0, "z": 0}}], "id": "Sink|2|1|0", "kinematic": true, "position": {"x": 5.393113332748413, "y": 0.5229595303535461, "z": 0.38449599742889407}, "rotation": {"x": 0, "y": 270.0, "z": 0}, "material": null}, {"assetId": "bin_13", "children": [{"assetId": "Candle_4", "id": "Candle|surface|2|0", "kinematic": false, "position": {"x": 3.8300535678863525, "y": 0.11471306532621384, "z": 0.2106165587902069}, "rotation": {"x": -3.069166268687695e-05, "y": 0.00012266960402484983, "z": 3.884678335452918e-06}}], "id": "GarbageCan|2|2", "kinematic": false, "position": {"x": 3.870424668235607, "y": 0.2890393137931824, "z": 0.2102220892906189}, "rotation": {"x": 0, "y": 0, "z": 0}, "material": null}, {"assetId": "Plunger_3", "id": "Plunger|2|3", "kinematic": false, "position": {"x": 5.681996780395508, "y": 0.2696691155433655, "z": 2.719814890628546}, "rotation": {"x": 0, "y": 270, "z": 0}, "material": null}, {"assetId": "Wall_Decor_Painting_6", "id": "Painting|2|4", "kinematic": true, "position": {"x": 3.2433234403022326, "y": 1.722363807879458, "z": 0.02135}, "rotation": {"x": 0, "y": 0, "z": 0}, "material": null}, {"assetId": "Wall_Decor_Painting_10", "id": "Painting|2|5", "kinematic": true, "position": {"x": 1.4804507473352941, "y": 1.5238135141955844, "z": 0.01299965113401413}, "rotation": {"x": 0, "y": 0, "z": 0}, "material": null}], "proceduralParameters": {"ceilingMaterial": {"name": "BrickSmallNew0073_4_S"}, "floorColliderThickness": 1.0, "lights": [{"id": "DirectionalLight", "indirectMultiplier": 1.0, "intensity": 1, "position": {"x": 0.84, "y": 0.1855, "z": -1.09}, "rgb": {"r": 1.0, "g": 1.0, "b": 1.0}, "rotation": {"x": 66, "y": 75, "z": 0}, "shadow": {"type": "Soft", "strength": 1, "normalBias": 0, "bias": 0, "nearPlane": 0.2, "resolution": "FromQualitySettings"}, "type": "directional"}, {"id": "light_2", "intensity": 0.45, "position": {"x": 2.8904999999999994, "y": 3.1668232617269636, "z": 1.9269999999999996}, "range": 15, "rgb": {"r": 1.0, "g": 0.855, "b": 0.722}, "shadow": {"type": "Soft", "strength": 1, "normalBias": 0, "bias": 0.05, "nearPlane": 0.2, "resolution": "FromQualitySettings"}, "type": "point"}], "receptacleHeight": 0.7, "reflections": [], "skyboxId": "SkyOakland"}, "rooms": [{"ceilings": [], "children": [], "floorMaterial": {"name": "Wood"}, "floorPolygon": [{"x": 5.781, "y": 0, "z": 0.0}, {"x": 0.0, "y": 0, "z": 0.0}, {"x": 0.0, "y": 0, "z": 3.854}, {"x": 5.781, "y": 0, "z": 3.854}], "id": "room|2", "roomType": "Bathroom"}], "walls": [{"color": {"b": 0.49019607843137253, "g": 0.5176470588235295, "r": 0.44313725490196076}, "id": "wall|2|0.00|0.00|5.78|0.00", "material": {"name": "PureWhite", "color": {"b": 0.49019607843137253, "g": 0.5176470588235295, "r": 0.44313725490196076}}, "polygon": [{"x": 5.781, "y": 0, "z": 0.0}, {"x": 0.0, "y": 0, "z": 0.0}, {"x": 5.781, "y": 3.366823261726964, "z": 0.0}, {"x": 0.0, "y": 3.366823261726964, "z": 0.0}], "roomId": "room|2"}, {"color": {"b": 0.49019607843137253, "g": 0.5176470588235295, "r": 0.44313725490196076}, "id": "wall|2|0.00|0.00|0.00|3.85", "material": {"name": "PureWhite", "color": {"b": 0.49019607843137253, "g": 0.5176470588235295, "r": 0.44313725490196076}}, "polygon": [{"x": 0.0, "y": 0, "z": 0.0}, {"x": 0.0, "y": 0, "z": 3.854}, {"x": 0.0, "y": 3.366823261726964, "z": 0.0}, {"x": 0.0, "y": 3.366823261726964, "z": 3.854}], "roomId": "room|2"}, {"color": {"b": 0.49019607843137253, "g": 0.5176470588235295, "r": 0.44313725490196076}, "id": "wall|2|0.00|3.85|5.78|3.85", "material": {"name": "PureWhite", "color": {"b": 0.49019607843137253, "g": 0.5176470588235295, "r": 0.44313725490196076}}, "polygon": [{"x": 0.0, "y": 0, "z": 3.854}, {"x": 5.781, "y": 0, "z": 3.854}, {"x": 0.0, "y": 3.366823261726964, "z": 3.854}, {"x": 5.781, "y": 3.366823261726964, "z": 3.854}], "roomId": "room|2"}, {"color": {"b": 0.49019607843137253, "g": 0.5176470588235295, "r": 0.44313725490196076}, "id": "wall|2|5.78|0.00|5.78|3.85", "material": {"name": "PureWhite", "color": {"b": 0.49019607843137253, "g": 0.5176470588235295, "r": 0.44313725490196076}}, "polygon": [{"x": 5.781, "y": 0, "z": 3.854}, {"x": 5.781, "y": 0, "z": 0.0}, {"x": 5.781, "y": 3.366823261726964, "z": 3.854}, {"x": 5.781, "y": 3.366823261726964, "z": 0.0}], "roomId": "room|2"}, {"id": "wall|exterior|5.78|0.00|5.78|3.85", "material": {"name": "bathroomTilesTan5"}, "polygon": [{"x": 5.781, "y": 3.366823261726964, "z": 0.0}, {"x": 5.781, "y": 3.366823261726964, "z": 3.854}, {"x": 5.781, "y": 0, "z": 0.0}, {"x": 5.781, "y": 0, "z": 3.854}], "roomId": "exterior"}, {"id": "wall|exterior|0.00|3.85|5.78|3.85", "material": {"name": "bathroomTilesTan5"}, "polygon": [{"x": 5.781, "y": 3.366823261726964, "z": 3.854}, {"x": 0.0, "y": 3.366823261726964, "z": 3.854}, {"x": 5.781, "y": 0, "z": 3.854}, {"x": 0.0, "y": 0, "z": 3.854}], "roomId": "exterior"}, {"id": "wall|exterior|0.00|0.00|5.78|0.00", "material": {"name": "bathroomTilesTan5"}, "polygon": [{"x": 0.0, "y": 3.366823261726964, "z": 0.0}, {"x": 5.781, "y": 3.366823261726964, "z": 0.0}, {"x": 0.0, "y": 0, "z": 0.0}, {"x": 5.781, "y": 0, "z": 0.0}], "roomId": "exterior"}, {"id": "wall|exterior|0.00|0.00|0.00|3.85", "material": {"name": "bathroomTilesTan5"}, "polygon": [{"x": 0.0, "y": 3.366823261726964, "z": 3.854}, {"x": 0.0, "y": 3.366823261726964, "z": 0.0}, {"x": 0.0, "y": 0, "z": 3.854}, {"x": 0.0, "y": 0, "z": 0.0}], "roomId": "exterior"}], "windows": []}