{"doors": [{"assetId": "Doorway_8", "id": "door|1|2", "openable": false, "openness": 0, "room0": "room|2", "room1": "room|2", "wall0": "wall|2|1.68|3.35|1.68|5.02", "wall1": "wall|exterior|1.68|3.35|1.68|5.02", "holePolygon": [{"x": 0.18015121512597224, "y": 0, "z": 0}, {"x": 1.2306595950621906, "y": 2.0993974208831787, "z": 0}], "assetPosition": {"x": 0.7054443856004419, "y": 1.0496987104415894, "z": 0}}], "metadata": {"agent": {"horizon": 30, "position": {"x": 1.25, "y": 0.95, "z": 2.0}, "rotation": {"x": 0, "y": 90, "z": 0}, "standing": true}, "roomSpecId": "bathroom", "schema": "1.0.0", "warnings": {}, "agentPoses": {"arm": {"horizon": 30, "position": {"x": 1.0, "y": 0.95, "z": 2.0}, "rotation": {"x": 0, "y": 90, "z": 0}, "standing": true}, "default": {"horizon": 30, "position": {"x": 1.25, "y": 0.95, "z": 2.0}, "rotation": {"x": 0, "y": 90, "z": 0}, "standing": true}, "locobot": {"horizon": 30, "position": {"x": 1.25, "y": 0.95, "z": 2.0}, "rotation": {"x": 0, "y": 90, "z": 0}}, "stretch": {"horizon": 30, "position": {"x": 1.25, "y": 0.95, "z": 2.0}, "rotation": {"x": 0, "y": 90, "z": 0}, "standing": true}}}, "objects": [{"assetId": "Toilet_2", "children": [{"assetId": "Spray_Bottle_2", "id": "SprayBottle|surface|2|2", "kinematic": false, "position": {"x": 3.110074043273926, "y": 1.0737868547439575, "z": 1.9697434902191162}, "rotation": {"x": 0.0, "y": -0.00016392453107982874, "z": 0.0}}], "id": "Toilet|2|0", "kinematic": true, "position": {"x": 2.8937952637672426, "y": 0.472759485244751, "z": 1.9698530256748197}, "rotation": {"x": 0, "y": 270, "z": 0}, "material": null}, {"assetId": "Sink_15", "children": [{"assetId": "Bathroom_Faucet_8", "id": "Faucet|2|1|1", "kinematic": true, "position": {"x": 0.3919799566268921, "y": 1.1529353260993958, "z": 0.1503959733247756}, "rotation": {"x": 0, "y": 0.0, "z": 0}}], "id": "Sink|2|1|0", "kinematic": true, "position": {"x": 0.3919799566268921, "y": 0.5097440481185913, "z": 0.3387441873550415}, "rotation": {"x": 0, "y": 0.0, "z": 0}, "material": null}, {"assetId": "bin_26", "children": [{"assetId": "Toilet_Paper", "id": "ToiletPaper|surface|2|1", "kinematic": false, "position": {"x": 1.4422833919525146, "y": 0.10974666476249695, "z": 0.2541862428188324}, "rotation": {"x": 359.9689636230469, "y": 270.00030517578125, "z": 0.008658994920551777}}], "id": "GarbageCan|2|2", "kinematic": false, "position": {"x": 1.4098572373390197, "y": 0.3115749955177307, "z": 0.292900824546814}, "rotation": {"x": 0, "y": 270, "z": 0}, "material": null}, {"assetId": "Laundry_Hamper_1_3", "id": "LaundryHamper|2|3", "kinematic": false, "position": {"x": 0.3537284076213837, "y": 0.4418313503265381, "z": 3.0696375489234926}, "rotation": {"x": 0, "y": 180, "z": 0}, "material": null}, {"assetId": "Side_Table_205_2_1", "children": [{"assetId": "Tissue_Box_1", "id": "TissueBox|surface|2|0", "kinematic": false, "position": {"x": 3.0470540523529053, "y": 0.9201368093490601, "z": 4.655570983886719}, "rotation": {"x": 0.0, "y": 270.0, "z": 0.0}}], "id": "SideTable|2|4", "kinematic": true, "position": {"x": 3.047053200006485, "y": 0.42006340622901917, "z": 4.721553730010987}, "rotation": {"x": 0, "y": 270, "z": 0}, "material": null}, {"assetId": "Plunger_1", "id": "Plunger|2|5", "kinematic": false, "position": {"x": 3.250996780395508, "y": 0.2696691155433655, "z": 2.751185122376963}, "rotation": {"x": 0, "y": 270, "z": 0}, "material": null}, {"assetId": "Wall_Decor_Painting_6", "id": "Painting|2|6", "kinematic": true, "position": {"x": 1.2075981905634836, "y": 1.9190797413937837, "z": 0.02135}, "rotation": {"x": 0, "y": 0, "z": 0}, "material": null}, {"assetId": "Wall_Decor_Painting_3V", "id": "Painting|2|7", "kinematic": true, "position": {"x": 0.7469745516685375, "y": 2.2595870224656514, "z": 3.3291295145452025}, "rotation": {"x": 0, "y": 180, "z": 0}, "material": null}], "proceduralParameters": {"ceilingMaterial": {"name": "Ceramic_Shard_Mat"}, "floorColliderThickness": 1.0, "lights": [{"id": "DirectionalLight", "indirectMultiplier": 1.0, "intensity": 1, "position": {"x": 0.84, "y": 0.1855, "z": -1.09}, "rgb": {"r": 1.0, "g": 0.694, "b": 0.78}, "rotation": {"x": 6, "y": -166, "z": 0}, "shadow": {"type": "Soft", "strength": 1, "normalBias": 0, "bias": 0, "nearPlane": 0.2, "resolution": "FromQualitySettings"}, "type": "directional"}, {"id": "light_2", "intensity": 0.75, "position": {"x": 1.6748749813404986, "y": 3.974643249758965, "z": 2.5121250186595017}, "range": 15, "rgb": {"r": 1.0, "g": 0.855, "b": 0.722}, "shadow": {"type": "Soft", "strength": 1, "normalBias": 0, "bias": 0.05, "nearPlane": 0.2, "resolution": "FromQualitySettings"}, "type": "point"}], "receptacleHeight": 0.7, "reflections": [], "skyboxId": "SkyTropical"}, "rooms": [{"ceilings": [], "children": [], "floorMaterial": {"name": "LightWoodCabinetsDUll"}, "floorPolygon": [{"x": 1.675, "y": 0, "z": 3.35}, {"x": 1.675, "y": 0, "z": 5.024}, {"x": 3.35, "y": 0, "z": 5.024}, {"x": 3.35, "y": 0, "z": 1.675}, {"x": 1.675, "y": 0, "z": 1.675}, {"x": 1.675, "y": 0, "z": 0.0}, {"x": 0.0, "y": 0, "z": 0.0}, {"x": 0.0, "y": 0, "z": 3.35}], "id": "room|2", "roomType": "Bathroom"}], "walls": [{"id": "wall|2|1.68|3.35|1.68|5.02", "material": {"name": "Ceramic_Shard_Mat"}, "polygon": [{"x": 1.675, "y": 0, "z": 3.35}, {"x": 1.675, "y": 0, "z": 5.024}, {"x": 1.675, "y": 4.174643249758965, "z": 3.35}, {"x": 1.675, "y": 4.174643249758965, "z": 5.024}], "roomId": "room|2"}, {"id": "wall|2|1.68|5.02|3.35|5.02", "material": {"name": "Ceramic_Shard_Mat"}, "polygon": [{"x": 1.675, "y": 0, "z": 5.024}, {"x": 3.35, "y": 0, "z": 5.024}, {"x": 1.675, "y": 4.174643249758965, "z": 5.024}, {"x": 3.35, "y": 4.174643249758965, "z": 5.024}], "roomId": "room|2"}, {"id": "wall|2|3.35|1.68|3.35|5.02", "material": {"name": "Ceramic_Shard_Mat"}, "polygon": [{"x": 3.35, "y": 0, "z": 5.024}, {"x": 3.35, "y": 0, "z": 1.675}, {"x": 3.35, "y": 4.174643249758965, "z": 5.024}, {"x": 3.35, "y": 4.174643249758965, "z": 1.675}], "roomId": "room|2"}, {"id": "wall|2|1.68|1.68|3.35|1.68", "material": {"name": "Ceramic_Shard_Mat"}, "polygon": [{"x": 3.35, "y": 0, "z": 1.675}, {"x": 1.675, "y": 0, "z": 1.675}, {"x": 3.35, "y": 4.174643249758965, "z": 1.675}, {"x": 1.675, "y": 4.174643249758965, "z": 1.675}], "roomId": "room|2"}, {"id": "wall|2|1.68|0.00|1.68|1.68", "material": {"name": "Ceramic_Shard_Mat"}, "polygon": [{"x": 1.675, "y": 0, "z": 1.675}, {"x": 1.675, "y": 0, "z": 0.0}, {"x": 1.675, "y": 4.174643249758965, "z": 1.675}, {"x": 1.675, "y": 4.174643249758965, "z": 0.0}], "roomId": "room|2"}, {"id": "wall|2|0.00|0.00|1.68|0.00", "material": {"name": "Ceramic_Shard_Mat"}, "polygon": [{"x": 1.675, "y": 0, "z": 0.0}, {"x": 0.0, "y": 0, "z": 0.0}, {"x": 1.675, "y": 4.174643249758965, "z": 0.0}, {"x": 0.0, "y": 4.174643249758965, "z": 0.0}], "roomId": "room|2"}, {"id": "wall|2|0.00|0.00|0.00|3.35", "material": {"name": "Ceramic_Shard_Mat"}, "polygon": [{"x": 0.0, "y": 0, "z": 0.0}, {"x": 0.0, "y": 0, "z": 3.35}, {"x": 0.0, "y": 4.174643249758965, "z": 0.0}, {"x": 0.0, "y": 4.174643249758965, "z": 3.35}], "roomId": "room|2"}, {"id": "wall|2|0.00|3.35|1.68|3.35", "material": {"name": "Ceramic_Shard_Mat"}, "polygon": [{"x": 0.0, "y": 0, "z": 3.35}, {"x": 1.675, "y": 0, "z": 3.35}, {"x": 0.0, "y": 4.174643249758965, "z": 3.35}, {"x": 1.675, "y": 4.174643249758965, "z": 3.35}], "roomId": "room|2"}, {"id": "wall|exterior|1.68|3.35|1.68|5.02", "material": {"name": "Porcelain_Grey_Mat"}, "polygon": [{"x": 1.675, "y": 4.174643249758965, "z": 5.024}, {"x": 1.675, "y": 4.174643249758965, "z": 3.35}, {"x": 1.675, "y": 0, "z": 5.024}, {"x": 1.675, "y": 0, "z": 3.35}], "roomId": "exterior"}, {"id": "wall|exterior|3.35|1.68|3.35|5.02", "material": {"name": "Porcelain_Grey_Mat"}, "polygon": [{"x": 3.35, "y": 4.174643249758965, "z": 1.675}, {"x": 3.35, "y": 4.174643249758965, "z": 5.024}, {"x": 3.35, "y": 0, "z": 1.675}, {"x": 3.35, "y": 0, "z": 5.024}], "roomId": "exterior"}, {"id": "wall|exterior|1.68|0.00|1.68|1.68",