{"doors": [{"assetId": "Doorway_5", "id": "door|1|2", "openable": false, "openness": 0, "room0": "room|2", "room1": "room|2", "wall0": "wall|2|0.00|3.83|5.75|3.83", "wall1": "wall|exterior|0.00|3.83|5.75|3.83", "holePolygon": [{"x": 1.8086138747973253, "y": 0, "z": 0}, {"x": 2.8461524032397083, "y": 2.0979503514245152, "z": 0}], "assetPosition": {"x": 2.3260637594727687, "y": 1.0459483740851283, "z": 0}}], "metadata": {"agent": {"horizon": 30, "position": {"x": 4.0, "y": 0.95, "z": 3.0}, "rotation": {"x": 0, "y": 270, "z": 0}, "standing": true}, "roomSpecId": "bathroom", "schema": "1.0.0", "warnings": {}, "agentPoses": {"arm": {"horizon": 30, "position": {"x": 4.0, "y": 0.95, "z": 3.0}, "rotation": {"x": 0, "y": 270, "z": 0}, "standing": true}, "default": {"horizon": 30, "position": {"x": 4.0, "y": 0.95, "z": 3.0}, "rotation": {"x": 0, "y": 270, "z": 0}, "standing": true}, "locobot": {"horizon": 30, "position": {"x": 4.0, "y": 0.95, "z": 3.0}, "rotation": {"x": 0, "y": 270, "z": 0}}, "stretch": {"horizon": 30, "position": {"x": 4.0, "y": 0.95, "z": 3.0}, "rotation": {"x": 0, "y": 270, "z": 0}, "standing": true}}}, "objects": [{"assetId": "Toilet_1", "children": [{"assetId": "Toilet_Paper_Used_Up", "id": "ToiletPaper|surface|2|0", "kinematic": false, "position": {"x": 5.660258769989014, "y": 1.1051270961761475, "z": 2.1220920085906982}, "rotation": {"x": -0.0, "y": 0.00016733960364945233, "z": -0.0}}], "id": "Toilet|2|0", "kinematic": true, "position": {"x": 5.46025795340538, "y": 0.5189565420150757, "z": 2.428433625221252}, "rotation": {"x": 0, "y": 0, "z": 0}, "material": null}, {"assetId": "Sink_19", "children": [{"assetId": "Bathroom_Faucet_5", "id": "Faucet|2|1|1", "kinematic": true, "position": {"x": 0.13763268172740928, "y": 1.1767496019601822, "z": 2.4530063954747705}, "rotation": {"x": 0, "y": 90.0, "z": 0}}], "id": "Sink|2|1|0", "kinematic": true, "position": {"x": 0.38788666725158694, "y": 0.5229595303535461, "z": 2.4530063954747705}, "rotation": {"x": 0, "y": 90.0, "z": 0}, "material": null}, {"assetId": "bin_1", "children": [{"assetId": "RoboTHOR_candle_glittrig_3_v", "id": "Candle|surface|2|1", "kinematic": false, "position": {"x": 0.18118996918201447, "y": 0.23669788241386414, "z": 0.1418341100215912}, "rotation": {"x": 1.338265064987354e-06, "y": 89.99993896484375, "z": -7.972520688781515e-05}}], "id": "GarbageCan|2|2", "kinematic": false, "position": {"x": 0.2768745064735413, "y": 0.25000059604644775, "z": 0.19488608241081237}, "rotation": {"x": 0, "y": 0, "z": 0}, "material": null}, {"assetId": "Plunger_3", "id": "Plunger|2|3", "kinematic": false, "position": {"x": 2.4013474243940687, "y": 0.2696691155433655, "z": 2.016003219604492}, "rotation": {"x": 0, "y": 0, "z": 0}, "material": null}, {"assetId": "Wall_Decor_Photo_1V", "id": "Painting|2|4", "kinematic": true, "position": {"x": 3.169916548283654, "y": 1.4123575164176956, "z": 3.8121295145452025}, "rotation": {"x": 0, "y": 180, "z": 0}, "material": null}, {"assetId": "Wall_Decor_Painting_9", "id": "Painting|2|5", "kinematic": true, "position": {"x": 1.9024252756386997, "y": 1.479603531123681, "z": 1.5845995409393236}, "rotation": {"x": 0, "y": 270, "z": 0}, "material": null}], "proceduralParameters": {"ceilingColor": {"b": 0.35294117647058826, "g": 0.44313725490196076, "r": 0.6588235294117647}, "ceilingMaterial": {"name": "PureWhite", "color": {"b": 0.35294117647058826, "g": 0.44313725490196076, "r": 0.6588235294117647}}, "floorColliderThickness": 1.0, "lights": [{"id": "DirectionalLight", "indirectMultiplier": 1.0, "intensity": 1, "position": {"x": 0.84, "y": 0.1855, "z": -1.09}, "rgb": {"r": 1.0, "g": 1.0, "b": 1.0}, "rotation": {"x": 66, "y": 75, "z": 0}, "shadow": {"type": "Soft", "strength": 1, "normalBias": 0, "bias": 0, "nearPlane": 0.2, "resolution": "FromQualitySettings"}, "type": "directional"}, {"id": "light_2", "intensity": 0.45, "position": {"x": 2.3956249673884686, "y": 3.474498004928588, "z": 2.3956249673884686}, "range": 15, "rgb": {"r": 1.0, "g": 0.855, "b": 0.722}, "shadow": {"type": "Soft", "strength": 1, "normalBias": 0, "bias": 0.05, "nearPlane": 0.2, "resolution": "FromQualitySettings"}, "type": "point"}], "receptacleHeight": 0.7, "reflections": [], "skyboxId": "SkyDalyCity"}, "rooms": [{"ceilings": [], "children": [], "floorMaterial": {"name": "SMOOTHWOODWood2"}, "floorPolygon": [{"x": 0.0, "y": 0, "z": 3.833}, {"x": 5.75, "y": 0, "z": 3.833}, {"x": 5.75, "y": 0, "z": 1.917}, {"x": 1.917, "y": 0, "z": 1.917}, {"x": 1.917, "y": 0, "z": 0.0}, {"x": 0.0, "y": 0, "z": 0.0}], "id": "room|2", "roomType": "Bathroom"}], "walls": [{"id": "wall|2|0.00|3.83|5.75|3.83", "material": {"name": "KitchenFloor"}, "polygon": [{"x": 0.0, "y": 0, "z": 3.833}, {"x": 5.75, "y": 0, "z": 3.833}, {"x": 0.0, "y": 3.674498004928588, "z": 3.833}, {"x": 5.75, "y": 3.674498004928588, "z": 3.833}], "roomId": "room|2"}, {"id": "wall|2|5.75|1.92|5.75|3.83", "material": {"name": "KitchenFloor"}, "polygon": [{"x": 5.75, "y": 0, "z": 3.833}, {"x": 5.75, "y": 0, "z": 1.917}, {"x": 5.75, "y": 3.674498004928588, "z": 3.833}, {"x": 5.75, "y": 3.674498004928588, "z": 1.917}], "roomId": "room|2"}, {"id": "wall|2|1.92|1.92|5.75|1.92", "material": {"name": "KitchenFloor"}, "polygon": [{"x": 5.75, "y": 0, "z": 1.917}, {"x": 1.917, "y": 0, "z": 1.917}, {"x": 5.75, "y": 3.674498004928588, "z": 1.917}, {"x": 1.917, "y": 3.674498004928588, "z": 1.917}], "roomId": "room|2"}, {"id": "wall|2|1.92|0.00|1.92|1.92", "material": {"name": "KitchenFloor"}, "polygon": [{"x": 1.917, "y": 0, "z": 1.917}, {"x": 1.917, "y": 0, "z": 0.0}, {"x": 1.917, "y": 3.674498004928588, "z": 1.917}, {"x": 1.917, "y": 3.674498004928588, "z": 0.0}], "roomId": "room|2"}, {"id": "wall|2|0.00|0.00|1.92|0.00", "material": {"name": "KitchenFloor"}, "polygon": [{"x": 1.917, "y": 0, "z": 0.0}, {"x": 0.0, "y": 0, "z": 0.0}, {"x": 1.917, "y": 3.674498004928588, "z": 0.0}, {"x": 0.0, "y": 3.674498004928588, "z": 0.0}], "roomId": "room|2"}, {"id": "wall|2|0.00|0.00|0.00|3.83", "material": {"name": "KitchenFloor"}, "polygon": [{"x": 0.0, "y": 0, "z": 0.0}, {"x": 0.0, "y": 0, "z": 3.833}, {"x": 0.0, "y": 3.674498004928588, "z": 0.0}, {"x": 0.0, "y": 3.674498004928588, "z": 3.833}], "roomId": "room|2"}, {"id": "wall|exterior|0.00|3.83|5.75|3.83", "material": {"name": "marbleBase3"}, "polygon": [{"x": 5.75, "y": 3.674498004928588, "z": 3.833}, {"x": 0.0, "y": 3.674498004928588, "z": 3.833}, {"x": 5.75, "y": 0, "z": 3.833}, {"x": 0.0, "y": 0, "z": 3.833}], "roomId": "exterior"}, {"id": "wall|exterior|1.92|0.00|1.92|1.92", "material": {"name": "marbleBase3"}, "polygon": [{"x": 1.917, "y": 3.674498004928588, "z": 0.0}, {"x": 1.917, "y": 3.674498004928588, "z": 1.917}, {"x": 1.917, "y": 0, "z": 0.0}, {"x": 1.917, "y": 0, "z": 1.917}], "roomId": "exterior"}, {"id": "wall|exterior|1.92|1.92|5.75|1.92", "material": {"name": "marbleBase3"}, "polygon": [{"x": 1.917, "y": 3.674498004928588, "z": 1.917}, {"x": 5.75, "y": 3.674498004928588, "z": 1.917}, {"x": 1.917, "y": 0, "z": 1.917}, {"x": 5.75, "y": 0, "z": 1.917}], "roomId": "exterior"}, {"id": "wall|exterior|0.00|0.00|0.00|3.83", "material": {"name": "marbleBase3"}, "polygon": [{"x": 0.0, "y": 3.674498004928588, "z": 3.833}, {"x": 0.0, "y": 3.674498004928588, "z": 0.0}, {"x": 0.0, "y": 0, "z": 3.833}, {"x": 0.0, "y": 0, "z": 0.0}], "roomId": "exterior"}, {"id": "wall|exterior|5.75|1.92|5.75|3.83", "material": {"name": "marbleBase3"}, "polygon": [{"x": 5.75, "y": 3.674498004928588, "z": 1.917}, {"x": 5.75, "y": 3.674498004928588, "z": 3.833}, {"x": 5.75, "y": 0, "z": 1.917}, {"x": 5.75, "y": 0, "z": 3.833}], "roomId": "exterior"}, {"id": "wall|exterior|0.00|0.00|1.92|0.00", "material": {"name": "marbleBase3"}, "polygon": [{"x": 0.0, "y": 3.674498004928588, "z": 0.0}, {"x": 1.917, "y": 3.674498004928588, "z": 0.0}, {"x": 0.0, "y": 0, "z": 0.0}, {"x": 1.917, "y": 0, "z": 0.0}], "roomId": "exterior"}], "windows": []}