{"doors": [{"assetId": "Doorway_Double_9", "id": "door|1|2", "openable": false, "openness": 0, "room0": "room|2", "room1": "room|2", "wall0": "wall|2|0.00|0.00|8.68|0.00", "wall1": "wall|exterior|0.00|0.00|8.68|0.00", "holePolygon": [{"x": 5.833946909426849, "y": 0, "z": 0}, {"x": 7.7441992421142265, "y": 2.075340747833252, "z": 0}], "assetPosition": {"x": 6.789075682542424, "y": 1.037670373916626, "z": 0}}], "metadata": {"agent": {"horizon": 30, "position": {"x": 4.0, "y": 0.95, "z": 3.25}, "rotation": {"x": 0, "y": 90, "z": 0}, "standing": true}, "roomSpecId": "bathroom", "schema": "1.0.0", "warnings": {}, "agentPoses": {"arm": {"horizon": 30, "position": {"x": 4.0, "y": 0.95, "z": 3.25}, "rotation": {"x": 0, "y": 90, "z": 0}, "standing": true}, "default": {"horizon": 30, "position": {"x": 4.0, "y": 0.95, "z": 3.25}, "rotation": {"x": 0, "y": 90, "z": 0}, "standing": true}, "locobot": {"horizon": 30, "position": {"x": 4.0, "y": 0.95, "z": 3.25}, "rotation": {"x": 0, "y": 90, "z": 0}}, "stretch": {"horizon": 30, "position": {"x": 4.0, "y": 0.95, "z": 3.25}, "rotation": {"x": 0, "y": 90, "z": 0}, "standing": true}}}, "objects": [{"assetId": "Toilet_2", "children": [{"assetId": "Spray_Bottle_3", "id": "SprayBottle|surface|2|2", "kinematic": false, "position": {"x": 0.18634256720542908, "y": 1.0737868547439575, "z": 6.155755996704102}, "rotation": {"x": -0.0, "y": 179.99984741210938, "z": -0.0}}], "id": "Toilet|2|0", "kinematic": true, "position": {"x": 0.4562047362327576, "y": 0.472759485244751, "z": 6.21814697432518}, "rotation": {"x": 0, "y": 90, "z": 0}, "material": null}, {"assetId": "Sink_19", "children": [{"assetId": "Bathroom_Faucet_21", "id": "Faucet|2|1|1", "kinematic": true, "position": {"x": 8.534011320114136, "y": 1.176791325211525, "z": 6.1285040025711055}, "rotation": {"x": 0, "y": 270.0, "z": 0}}], "id": "Sink|2|1|0", "kinematic": true, "position": {"x": 8.296113332748412, "y": 0.5229595303535461, "z": 6.1285040025711055}, "rotation": {"x": 0, "y": 270.0, "z": 0}, "material": null}, {"assetId": "bin_13", "children": [{"assetId": "Toilet_Paper", "id": "ToiletPaper|surface|2|0", "kinematic": false, "position": {"x": 0.283157616853714, "y": 0.09906702488660812, "z": 2.6871609687805176}, "rotation": {"x": -3.6302713851910084e-05, "y": 89.99988555908203, "z": 1.4446605746343266e-05}}], "id": "GarbageCan|2|2", "kinematic": false, "position": {"x": 0.2102220892906189, "y": 0.2890393137931824, "z": 2.6063319444826885}, "rotation": {"x": 0, "y": 90, "z": 0}, "material": null}, {"assetId": "Side_Table_228_1_1", "children": [{"assetId": "Soap_Bottle_26", "id": "SoapBottle|surface|2|1", "kinematic": false, "position": {"x": 8.53066635131836, "y": 0.7907530069351196, "z": 3.3253047466278076}, "rotation": {"x": 0.0, "y": 270.0, "z": 0.0}}], "id": "SideTable|2|3", "kinematic": true, "position": {"x": 8.196311732769011, "y": 0.3329933285713196, "z": 3.541009096067982}, "rotation": {"x": 0, "y": 270, "z": 0}, "material": null}, {"assetId": "Plunger_2", "id": "Plunger|2|4", "kinematic": false, "position": {"x": 2.9881720921867982, "y": 0.2696691155433655, "z": 6.413996780395507}, "rotation": {"x": 0, "y": 180, "z": 0}, "material": null}, {"assetId": "Wall_Decor_Painting_7", "id": "Painting|2|5", "kinematic": true, "position": {"x": 5.277793469731052, "y": 1.524401669247683, "z": 0.01710982259362936}, "rotation": {"x": 0, "y": 0, "z": 0}, "material": null}, {"assetId": "Wall_Decor_Painting_9", "id": "Painting|2|6", "kinematic": true, "position": {"x": 0.01457472436130047, "y": 1.2955602553520018, "z": 3.402040456276289}, "rotation": {"x": 0, "y": 90, "z": 0}, "material": null}], "proceduralParameters": {"ceilingColor": {"b": 0.5137254901960784, "g": 0.611764705882353, "r": 0.7647058823529411}, "ceilingMaterial": {"name": "PureWhite", "color": {"b": 0.5137254901960784, "g": 0.611764705882353, "r": 0.7647058823529411}}, "floorColliderThickness": 1.0, "lights": [{"id": "DirectionalLight", "indirectMultiplier": 1.0, "intensity": 1, "position": {"x": 0.84, "y": 0.1855, "z": -1.09}, "rgb": {"r": 1.0, "g": 1.0, "b": 1.0}, "rotation": {"x": 66, "y": 75, "z": 0}, "shadow": {"type": "Soft", "strength": 1, "normalBias": 0, "bias": 0, "nearPlane": 0.2, "resolution": "FromQualitySettings"}, "type": "directional"}, {"id": "light_2", "intensity": 0.45, "position": {"x": 4.3420000000000005, "y": 2.6578071158160785, "z": 3.2565}, "range": 15, "rgb": {"r": 1.0, "g": 0.855, "b": 0.722}, "shadow": {"type": "Soft", "strength": 1, "normalBias": 0, "bias": 0.05, "nearPlane": 0.2, "resolution": "FromQualitySettings"}, "type": "point"}], "receptacleHeight": 0.7, "reflections": [], "skyboxId": "SkySFGarden"}, "rooms": [{"ceilings": [], "children": [], "floorMaterial": {"name": "TexturesCom_WoodFine0044_1_seamless_S"}, "floorPolygon": [{"x": 0.0, "y": 0, "z": 0.0}, {"x": 0.0, "y": 0, "z": 6.513}, {"x": 8.684, "y": 0, "z": 6.513}, {"x": 8.684, "y": 0, "z": 0.0}], "id": "room|2", "roomType": "Bathroom"}], "walls": [{"color": {"b": 0.5137254901960784, "g": 0.611764705882353, "r": 0.7647058823529411}, "id": "wall|2|0.00|0.00|0.00|6.51", "material": {"name": "PureWhite", "color": {"b": 0.5137254901960784, "g": 0.611764705882353, "r": 0.7647058823529411}}, "polygon": [{"x": 0.0, "y": 0, "z": 0.0}, {"x": 0.0, "y": 0, "z": 6.513}, {"x": 0.0, "y": 2.8578071158160787, "z": 0.0}, {"x": 0.0, "y": 2.8578071158160787, "z": 6.513}], "roomId": "room|2"}, {"color": {"b": 0.5137254901960784, "g": 0.611764705882353, "r": 0.7647058823529411}, "id": "wall|2|0.00|6.51|8.68|6.51", "material": {"name": "PureWhite", "color": {"b": 0.5137254901960784, "g": 0.611764705882353, "r": 0.7647058823529411}}, "polygon": [{"x": 0.0, "y": 0, "z": 6.513}, {"x": 8.684, "y": 0, "z": 6.513}, {"x": 0.0, "y": 2.8578071158160787, "z": 6.513}, {"x": 8.684, "y": 2.8578071158160787, "z": 6.513}], "roomId": "room|2"}, {"color": {"b": 0.5137254901960784, "g": 0.611764705882353, "r": 0.7647058823529411}, "id": "wall|2|8.68|0.00|8.68|6.51", "material": {"name": "PureWhite", "color": {"b": 0.5137254901960784, "g": 0.611764705882353, "r": 0.7647058823529411}}, "polygon": [{"x": 8.684, "y": 0, "z": 6.513}, {"x": 8.684, "y": 0, "z": 0.0}, {"x": 8.684, "y": 2.8578071158160787, "z": 6.513}, {"x": 8.684, "y": 2.8578071158160787, "z": 0.0}], "roomId": "room|2"}, {"color": {"b": 0.5137254901960784, "g": 0.611764705882353, "r": 0.7647058823529411}, "id": "wall|2|0.00|0.00|8.68|0.00", "material": {"name": "PureWhite", "color": {"b": 0.5137254901960784, "g": 0.611764705882353, "r": 0.7647058823529411}}, "polygon": [{"x": 8.684, "y": 0, "z": 0.0}, {"x": 0.0, "y": 0, "z": 0.0}, {"x": 8.684, "y": 2.8578071158160787, "z": 0.0}, {"x": 0.0, "y": 2.8578071158160787, "z": 0.0}], "roomId": "room|2"}, {"id": "wall|exterior|0.00|0.00|0.00|6.51", "material": {"name": "YellowDrywall2"}, "polygon": [{"x": 0.0, "y": 2.8578071158160787, "z": 6.513}, {"x": 0.0, "y": 2.8578071158160787, "z": 0.0}, {"x": 0.0, "y": 0, "z": 6.513}, {"x": 0.0, "y": 0, "z": 0.0}], "roomId": "exterior"}, {"id": "wall|exterior|0.00|6.51|8.68|6.51", "material": {"name": "YellowDrywall2"}, "polygon": [{"x": 8.684, "y": 2.8578071158160787, "z": 6.513}, {"x": 0.0, "y": 2.8578071158160787, "z": 6.513}, {"x": 8.684, "y": 0, "z": 6.513}, {"x": 0.0, "y": 0, "z": 6.513}], "roomId": "exterior"}, {"id": "wall|exterior|0.00|0.00|8.68|0.00", "material": {"name": "YellowDrywall2"}, "polygon": [{"x": 0.0, "y": 2.8578071158160787, "z": 0.0}, {"x": 8.684, "y": 2.8578071158160787, "z": 0.0}, {"x": 0.0, "y": 0, "z": 0.0}, {"x": 8.684, "y": 0, "z": 0.0}], "roomId": "exterior"}, {"id": "wall|exterior|8.68|0.00|8.68|6.51", "material": {"name": "YellowDrywall2"}, "polygon": [{"x": 8.684, "y": 2.8578071158160787, "z": 0.0}, {"x": 8.684, "y": 2.8578071158160787, "z": 6.513}, {"x": 8.684, "y": 0, "z": 0.0}, {"x": 8.684, "y": 0, "z": 6.513}], "roomId": "exterior"}], "windows": []}