{"doors": [{"assetId": "Doorway_5", "id": "door|1|2", "openable": false, "openness": 0, "room0": "room|2", "room1": "room|2", "wall0": "wall|2|0.00|0.00|8.18|0.00", "wall1": "wall|exterior|0.00|0.00|8.18|0.00", "holePolygon": [{"x": 5.3210384274431135, "y": 0, "z": 0}, {"x": 6.358576955885496, "y": 2.0979503514245152, "z": 0}], "assetPosition": {"x": 5.838488312118557, "y": 1.0459483740851283, "z": 0}}], "metadata": {"agent": {"horizon": 30, "position": {"x": 4.0, "y": 0.95, "z": 3.0}, "rotation": {"x": 0, "y": 180, "z": 0}, "standing": true}, "roomSpecId": "bathroom", "schema": "1.0.0", "warnings": {}, "agentPoses": {"arm": {"horizon": 30, "position": {"x": 4.0, "y": 0.95, "z": 3.0}, "rotation": {"x": 0, "y": 180, "z": 0}, "standing": true}, "default": {"horizon": 30, "position": {"x": 4.0, "y": 0.95, "z": 3.0}, "rotation": {"x": 0, "y": 180, "z": 0}, "standing": true}, "locobot": {"horizon": 30, "position": {"x": 4.0, "y": 0.95, "z": 3.0}, "rotation": {"x": 0, "y": 180, "z": 0}}, "stretch": {"horizon": 30, "position": {"x": 4.0, "y": 0.95, "z": 3.0}, "rotation": {"x": 0, "y": 180, "z": 0}, "standing": true}}}, "objects": [{"assetId": "Toilet_2", "children": [{"assetId": "Dish_Sponge_1", "id": "DishSponge|surface|2|0", "kinematic": false, "position": {"x": 0.1059674620628357, "y": 0.9632464647293091, "z": 5.841144561767578}, "rotation": {"x": -0.0, "y": 179.99984741210938, "z": -0.0}}, {"assetId": "Toilet_Paper", "id": "ToiletPaper|surface|2|1", "kinematic": false, "position": {"x": 0.2124345302581787, "y": 1.0132557153701782, "z": 5.653645038604736}, "rotation": {"x": -0.0, "y": 179.99984741210938, "z": -0.0}}, {"assetId": "Candle_5", "id": "Candle|surface|2|2", "kinematic": false, "position": {"x": 0.1863422989845276, "y": 1.0026328563690186, "z": 5.841145038604736}, "rotation": {"x": -0.0, "y": 179.99984741210938, "z": -0.0}}], "id": "Toilet|2|0", "kinematic": true, "position": {"x": 0.4562047362327576, "y": 0.472759485244751, "z": 5.837146974325179}, "rotation": {"x": 0, "y": 90, "z": 0}, "material": null}], "proceduralParameters": {"ceilingColor": {"b": 0.4549019607843137, "g": 0.44313725490196076, "r": 0.32941176470588235}, "ceilingMaterial": {"name": "PureWhite", "color": {"b": 0.4549019607843137, "g": 0.44313725490196076, "r": 0.32941176470588235}}, "floorColliderThickness": 1.0, "lights": [{"id": "DirectionalLight", "indirectMultiplier": 1.0, "intensity": 1, "position": {"x": 0.84, "y": 0.1855, "z": -1.09}, "rgb": {"r": 1.0, "g": 0.694, "b": 0.78}, "rotation": {"x": 6, "y": -166, "z": 0}, "shadow": {"type": "Soft", "strength": 1, "normalBias": 0, "bias": 0, "nearPlane": 0.2, "resolution": "FromQualitySettings"}, "type": "directional"}, {"id": "light_2", "intensity": 0.75, "position": {"x": 4.088, "y": 2.6848730762628303, "z": 3.0659999999999994}, "range": 15, "rgb": {"r": 1.0, "g": 0.855, "b": 0.722}, "shadow": {"type": "Soft", "strength": 1, "normalBias": 0, "bias": 0.05, "nearPlane": 0.2, "resolution": "FromQualitySettings"}, "type": "point"}], "receptacleHeight": 0.7, "reflections": [], "skyboxId": "SkyNeighborhood"}, "rooms": [{"ceilings": [], "children": [], "floorMaterial": {"name": "RobinEgg"}, "floorPolygon": [{"x": 8.176, "y": 0, "z": 0.0}, {"x": 0.0, "y": 0, "z": 0.0}, {"x": 0.0, "y": 0, "z": 6.132}, {"x": 8.176, "y": 0, "z": 6.132}], "id": "room|2", "roomType": "Bathroom"}], "walls": [{"id": "wall|2|0.00|0.00|8.18|0.00", "material": {"name": "SmallKitchenTiles"}, "polygon": [{"x": 8.176, "y": 0, "z": 0.0}, {"x": 0.0, "y": 0, "z": 0.0}, {"x": 8.176, "y": 2.8848730762628305, "z": 0.0}, {"x": 0.0, "y": 2.8848730762628305, "z": 0.0}], "roomId": "room|2"}, {"id": "wall|2|0.00|0.00|0.00|6.13", "material": {"name": "SmallKitchenTiles"}, "polygon": [{"x": 0.0, "y": 0, "z": 0.0}, {"x": 0.0, "y": 0, "z": 6.132}, {"x": 0.0, "y": 2.8848730762628305, "z": 0.0}, {"x": 0.0, "y": 2.8848730762628305, "z": 6.132}], "roomId": "room|2"}, {"id": "wall|2|0.00|6.13|8.18|6.13", "material": {"name": "SmallKitchenTiles"}, "polygon": [{"x": 0.0, "y": 0, "z": 6.132}, {"x": 8.176, "y": 0, "z": 6.132}, {"x": 0.0, "y": 2.8848730762628305, "z": 6.132}, {"x": 8.176, "y": 2.8848730762628305, "z": 6.132}], "roomId": "room|2"}, {"id": "wall|2|8.18|0.00|8.18|6.13", "material": {"name": "SmallKitchenTiles"}, "polygon": [{"x": 8.176, "y": 0, "z": 6.132}, {"x": 8.176, "y": 0, "z": 0.0}, {"x": 8.176, "y": 2.8848730762628305, "z": 6.132}, {"x": 8.176, "y": 2.8848730762628305, "z": 0.0}], "roomId": "room|2"}, {"id": "wall|exterior|8.18|0.00|8.18|6.13", "material": {"name": "YellowPlaster"}, "polygon": [{"x": 8.176, "y": 2.8848730762628305, "z": 0.0}, {"x": 8.176, "y": 2.8848730762628305, "z": 6.132}, {"x": 8.176, "y": 0, "z": 0.0}, {"x": 8.176, "y": 0, "z": 6.132}], "roomId": "exterior"}, {"id": "wall|exterior|0.00|6.13|8.18|6.13", "material": {"name": "YellowPlaster"}, "polygon": [{"x": 8.176, "y": 2.8848730762628305, "z": 6.132}, {"x": 0.0, "y": 2.8848730762628305, "z": 6.132}, {"x": 8.176, "y": 0, "z": 6.132}, {"x": 0.0, "y": 0, "z": 6.132}], "roomId": "exterior"}, {"id": "wall|exterior|0.00|0.00|8.18|0.00", "material": {"name": "YellowPlaster"}, "polygon": [{"x": 0.0, "y": 2.8848730762628305, "z": 0.0}, {"x": 8.176, "y": 2.8848730762628305, "z": 0.0}, {"x": 0.0, "y": 0, "z": 0.0}, {"x": 8.176, "y": 0, "z": 0.0}], "roomId": "exterior"}, {"id": "wall|exterior|0.00|0.00|0.00|6.13", "material": {"name": "YellowPlaster"}, "polygon": [{"x": 0.0, "y": 2.8848730762628305, "z": 6.132}, {"x": 0.0, "y": 2.8848730762628305, "z": 0.0}, {"x": 0.0, "y": 0, "z": 6.132}, {"x": 0.0, "y": 0, "z": 0.0}], "roomId": "exterior"}], "windows": []}